{
  "model_id": "mistralai/Mamba-Codestral-7B-v0.1",
  "n_chunks": 100,
  "chunk_tokens": 1500,
  "encode_seconds": {
    "fp32": 105.87537503242493,
    "bfloat16": 15.679462432861328,
    "fp16": 46.019888401031494
  },
  "fp32_vs_bfloat16": {
    "per_vector_cos": {
      "mean": 0.9999974966049194,
      "min": 0.9999849200248718,
      "p5": 0.9999934434890747
    },
    "pairwise_sim_diff": {
      "mean_abs": 0.00015381792036350816,
      "max_abs": 0.0012443363666534424,
      "p95_abs": 0.00045027880696579814
    }
  },
  "fp32_vs_fp16": {
    "per_vector_cos": {
      "mean": 0.9999999403953552,
      "min": 0.9999988079071045,
      "p5": 0.9999997615814209
    },
    "pairwise_sim_diff": {
      "mean_abs": 3.8874415622558445e-05,
      "max_abs": 0.00033795833587646484,
      "p95_abs": 9.962916374206543e-05
    }
  }
}